{"file_hashes":[{"block_hashes":["MM362yQR1L5vv6O5kURE63450tRnFOQEKnxbuACj8cw="],"block_size":4096,"path":"changelog/mobile-view-1_0_1_beta.log"},{"block_hashes":["YAnh40OFmMHYTN0/fot4/ifEiMcNlhRzhALsiP/7kFA="],"block_size":4096,"path":"changelog/mobile-view-1_0_2_beta.log"},{"block_hashes":["8rwR4SE+/sWh4ZO98teq1HtdH8AmBjALiTmIfPz2PGw="],"block_size":4096,"path":"changelog/mobile-view-1_0_3_beta.log"},{"block_hashes":["YGsmUAoqd5TYkwlj1zNpRljWZc1jp0bIG2RYHVBe9Sk="],"block_size":4096,"path":"changelog/mobile-view-1_0_4_beta.log"},{"block_hashes":["oFNs3R9sipQ/BCkhGR8Q3dKONe286zafZRC7eZuxF2I="],"block_size":4096,"path":"changelog/mobile-view-1_0_5_beta.log"},{"block_hashes":["VvPnpvnKfLUnatITi5ML8Zu23Cbwdz9OiTBdFI46diw="],"block_size":4096,"path":"changelog/mobile-view-1_0_6-beta.log"},{"block_hashes":["W3lxkz+hHmxKHAl71J5k672LO5yypxRKG/uHmHjVlKU="],"block_size":4096,"path":"changelog/mobile-view-1_0_7-beta.log"},{"block_hashes":["Czb1ekAMmb1jhshdB8kwoCNWJcDPTgPlsb+FEoJGvWM="],"block_size":4096,"path":"changelog/mobile-view-1_1_1-beta.log"},{"block_hashes":["i9Gh1Sud0fl5BaYVyESe59OwWl2H7oUhwPdeZVCC4RM="],"block_size":4096,"path":"changelog/mobile-view-1_1_2-beta.log"},{"block_hashes":["wDhzmx38jw7A5xYMxT/7bUBgWI/CX2kjyyHt8p4v0b4="],"block_size":4096,"path":"changelog/mobile-view-1_2_1.log"},{"block_hashes":["axq7hOHdscMYJ74FWbsTYu5WucWI2pQZx79scXuphqI="],"block_size":4096,"path":"changelog/mobile-view-1_2_2.log"},{"block_hashes":["CL7SLoayeMSGZ1GPR+lkawgdX5lw2JZnfl/yTJ5LcFQ=","8FH0Z7GrvZt5zsypetpydneLTi3cVs3XzwNa069tKS4=","/RDuvbOYXg5w6MAzWUblQkE+8pIim0W+BgPKlZt5kns=","wynmGKEpg3tO5QpBRmkbvuhhkjjnSjVYBn6HYoDQ83g=","HY/vuCLkFQgo8Y6tJcr78hs+PcdB8zBOeTQRIfFzZU0=","teRgIo50H6zjlWl3Pr+XVIhwvAq/6rLPER3yx7VYcYY=","rwmSq36Jp6PVQ7UOYPquBHjlVgLargYiXoNMGT2j2CM=","Hdyz8KYaPkBld6CQqyEBzXdt7GlZeLbBrrC4yMWsA/Y=","CesYMuJueWkkqgFheo892bCYCgKAaH1o8pzkQPBadxw=","XmnW0/2jrv+gF+VJqM7QU5YiDHK0v2TCOgyJBTKZ/34=","v35Is+yZzhh9r07kF0E55s6lHDSIA9WHrOGUf2UkUUI=","hpBuykvAZFDVbxcMCoEtVkh0BlYRJtv6S0GdCTQLzY0=","5sf2MO4bS2kB2xKd39dAXtNIlczfsutUQRZZanHH9Fg=","cyU7IPua7Sb97Y/DQCYbxptfi9O7+ONAw0hEeNR8fkI=","gnND/o7UNoa2kJCt1m8VtqiaVEE4/ZxzG91ujcGBxyw=","70biPc1e8O2FlMkmEvjqsv4WtJrcrE2lHxnwB7D82Gg=","AHtaFTIZ3mrnIktPlC5GfDOyvlq0mhLmQIs0hXHpGFU=","jtADrvdM95MTzullxo5u5qhTlc8EwTlsYSnCyIKkVnM=","xLyYKyB+/cgn0tYeeFYhV33NDhGPCAuka6X93Pk2si8=","D83YL1QxoULeSaFHpU/KAA/zHtqcZWCO+eNL+Ll7sto=","T4JkVX+0dpqihpZpKp1JMtZ4vxzCRFudIyh0XSDbmhM=","9AGRj9a7pbRak20+mKHQ+gxHbokNGi8OzckDIAITTeI=","n4gM3W4BD6q+rV1QV3OIwW1ndeQQmWVHC6bByDEP+ps=","DZDFzQYR80nds+zVJjCj4HsX7C5JeKWHw8286Deat2g=","qBzqEljeStiRdo6Mk5KFikeokjaofxqYgD4/X0gsJHY=","HEFvtlWqrRnZdNdO7EwyzVNKgL0+PvpxRvnyAZLMid4="],"block_size":4096,"path":"dist/extension/mobileViewWebComponent.js"},{"block_hashes":["YttHslrR+6i08HMtkG/wLOn4yxkRmPgi3B10A+LfBro="],"block_size":4096,"path":"minified/content-scripts/main-frame/mainFrame.min.js"},{"block_hashes":["8OHNq31smUpyLvBEpKt5hAjwZAh24Il0J4dJSVGVH9o="],"block_size":4096,"path":"minified/content-scripts/sub-frame/subFrame.min.js"},{"block_hashes":["UE+3wUMOClL2zcrLOYAQvvS28xJqyi94f9uERZi6vhk="],"block_size":4096,"path":"minified/css/mainFrame.min.css"},{"block_hashes":["fLF3awY33YXzd2rhfVz65v96/gtQndsI62gvrTHbrDQ="],"block_size":4096,"path":"minified/css/subFrame.min.css"},{"block_hashes":["tW/tZ1CtT7NKxXvvREr5Cqs8m8RoQMpIi6FFaFxD+eU="],"block_size":4096,"path":"minified/service-workers/serviceWorker.min.js"}],"version":2}